stusps,geoid,basename,type,LSADC,FUNCSTAT,pop2020,wiki_title,wiki_len,pop_rank,est_mentions,est_share,NAME
FL,1235000,Jacksonville,incorporated,25,A,949611,"Jacksonville, FL",0,1,68,0.272,Jacksonville city
FL,1245000,Miami,incorporated,25,A,442241,"Miami, FL",0,2,28,0.112,Miami city
FL,1271000,Tampa,incorporated,25,A,384959,"Tampa, FL",0,3,18,0.072,Tampa city
FL,1253000,Orlando,incorporated,25,A,307573,"Orlando, FL",0,4,13,0.052,Orlando city
FL,1263000,St. Petersburg,incorporated,25,A,258308,"St. Petersburg, FL",0,5,10,0.04,St. Petersburg city
FL,1230000,Hialeah,incorporated,25,A,223109,"Hialeah, FL",0,6,7,0.028,Hialeah city
FL,1258715,Port St. Lucie,incorporated,25,A,204851,"Port St. Lucie, FL",0,7,7,0.028,Port St. Lucie city
FL,1270600,Tallahassee,incorporated,25,A,196169,"Tallahassee, FL",0,8,7,0.028,Tallahassee city
FL,1210275,Cape Coral,incorporated,25,A,194016,"Cape Coral, FL",0,9,4,0.016,Cape Coral city
FL,1224000,Fort Lauderdale,incorporated,25,A,182760,"Fort Lauderdale, FL",0,10,5,0.02,Fort Lauderdale city
FL,1255775,Pembroke Pines,incorporated,25,A,171178,"Pembroke Pines, FL",0,11,3,0.012,Pembroke Pines city
FL,1232000,Hollywood,incorporated,25,A,153067,"Hollywood, FL",0,12,4,0.016,Hollywood city
FL,1225175,Gainesville,incorporated,25,A,141085,"Gainesville, FL",0,13,4,0.016,Gainesville city
FL,1245975,Miramar,incorporated,25,A,134721,"Miramar, FL",0,14,2,0.008,Miramar city
FL,1214400,Coral Springs,incorporated,25,A,134394,"Coral Springs, FL",0,15,2,0.008,Coral Springs city
FL,1254000,Palm Bay,incorporated,25,A,119760,"Palm Bay, FL",0,16,2,0.008,Palm Bay city
FL,1276600,West Palm Beach,incorporated,25,A,117415,"West Palm Beach, FL",0,17,3,0.012,West Palm Beach city
FL,1212875,Clearwater,incorporated,25,A,117292,"Clearwater, FL",0,18,3,0.012,Clearwater city
FL,1238250,Lakeland,incorporated,25,A,112641,"Lakeland, FL",0,19,3,0.012,Lakeland city
FL,1258050,Pompano Beach,incorporated,25,A,112046,"Pompano Beach, FL",0,20,3,0.012,Pompano Beach city
FL,1245060,Miami Gardens,incorporated,25,A,111640,"Miami Gardens, FL",0,21,2,0.008,Miami Gardens city
FL,1216475,Davie,incorporated,43,A,105691,"Davie, FL",0,22,1,0.004,Davie town
FL,1207300,Boca Raton,incorporated,25,A,97422,"Boca Raton, FL",0,23,1,0.004,Boca Raton city
FL,1269700,Sunrise,incorporated,25,A,97335,"Sunrise, FL",0,24,1,0.004,Sunrise city
FL,1217200,Deltona,incorporated,25,A,93692,"Deltona, FL",0,25,1,0.004,Deltona city
FL,1257425,Plantation,incorporated,25,A,91750,"Plantation, FL",0,26,1,0.004,Plantation city
FL,1254200,Palm Coast,incorporated,25,A,89258,"Palm Coast, FL",0,27,1,0.004,Palm Coast city
FL,1216725,Deerfield Beach,incorporated,25,A,86859,"Deerfield Beach, FL",0,28,1,0.004,Deerfield Beach city
FL,1224125,Fort Myers,incorporated,25,A,86395,"Fort Myers, FL",0,29,2,0.008,Fort Myers city
FL,1243975,Melbourne,incorporated,25,A,84678,"Melbourne, FL",0,30,2,0.008,Melbourne city
FL,1245025,Miami Beach,incorporated,25,A,82890,"Miami Beach, FL",0,31,2,0.008,Miami Beach city
FL,1239425,Largo,incorporated,25,A,82485,"Largo, FL",0,32,2,0.008,Largo city
FL,1232275,Homestead,incorporated,25,A,80737,"Homestead, FL",0,33,2,0.008,Homestead city
FL,1207875,Boynton Beach,incorporated,25,A,80380,"Boynton Beach, FL",0,34,2,0.008,Boynton Beach city
FL,1236950,Kissimmee,incorporated,25,A,79226,"Kissimmee, FL",0,35,2,0.008,Kissimmee city
FL,1217935,Doral,incorporated,25,A,75874,"Doral, FL",0,36,2,0.008,Doral city
FL,1249675,North Port,incorporated,25,A,74793,"North Port, FL",0,37,2,0.008,North Port city
FL,1239550,Lauderhill,incorporated,25,A,74482,"Lauderhill, FL",0,38,2,0.008,Lauderhill city
FL,1216525,Daytona Beach,incorporated,25,A,72647,"Daytona Beach, FL",0,39,2,0.008,Daytona Beach city
FL,1270675,Tamarac,incorporated,25,A,71897,"Tamarac, FL",0,40,2,0.008,Tamarac city
FL,1276582,Weston,incorporated,25,A,68107,"Weston, FL",0,41,2,0.008,Weston city
FL,1217100,Delray Beach,incorporated,25,A,66846,"Delray Beach, FL",0,42,2,0.008,Delray Beach city
FL,1250750,Ocala,incorporated,25,A,63591,"Ocala, FL",0,43,2,0.008,Ocala city
FL,1258575,Port Orange,incorporated,25,A,62596,"Port Orange, FL",0,44,2,0.008,Port Orange city
FL,1275812,Wellington,incorporated,47,A,61637,"Wellington, FL",0,45,2,0.008,Wellington village
FL,1263650,Sanford,incorporated,25,A,61051,"Sanford, FL",0,46,2,0.008,Sanford city
FL,1235875,Jupiter,incorporated,43,A,61047,"Jupiter, FL",0,47,2,0.008,Jupiter town
FL,1249450,North Miami,incorporated,25,A,60191,"North Miami, FL",0,48,2,0.008,North Miami city
FL,1254075,Palm Beach Gardens,incorporated,25,A,59182,"Palm Beach Gardens, FL",0,49,2,0.008,Palm Beach Gardens city
FL,1262625,St. Cloud,incorporated,25,A,58964,"St. Cloud, FL",0,50,2,0.008,St. Cloud city
FL,1243125,Margate,incorporated,25,A,58712,"Margate, FL",0,51,1,0.004,Margate city
FL,1213275,Coconut Creek,incorporated,25,A,57833,"Coconut Creek, FL",0,52,0,0,Coconut Creek city
FL,1207950,Bradenton,incorporated,25,A,55698,"Bradenton, FL",0,53,0,0,Bradenton city
FL,1201700,Apopka,incorporated,25,A,54873,"Apopka, FL",0,54,0,0,Apopka city
FL,1264175,Sarasota,incorporated,25,A,54842,"Sarasota, FL",0,55,0,0,Sarasota city
FL,1255925,Pensacola,incorporated,25,A,54312,"Pensacola, FL",0,56,0,0,Pensacola city
FL,1207525,Bonita Springs,incorporated,25,A,53644,"Bonita Springs, FL",0,57,0,0,Bonita Springs city
FL,1256975,Pinellas Park,incorporated,25,A,53093,"Pinellas Park, FL",0,58,0,0,Pinellas Park city
FL,1214250,Coral Gables,incorporated,25,A,49248,"Coral Gables, FL",0,59,0,0,Coral Gables city
FL,1278275,Winter Haven,incorporated,25,A,49219,"Winter Haven, FL",0,60,0,0,Winter Haven city
FL,1271900,Titusville,incorporated,25,A,48789,"Titusville, FL",0,61,0,0,Titusville city
FL,1224300,Fort Pierce,incorporated,25,A,47297,"Fort Pierce, FL",0,62,0,0,Fort Pierce city
FL,1251075,Ocoee,incorporated,25,A,47295,"Ocoee, FL",0,63,0,0,Ocoee city
FL,1278250,Winter Garden,incorporated,25,A,46964,"Winter Garden, FL",0,64,0,0,Winter Garden city
FL,1200950,Altamonte Springs,incorporated,25,A,46231,"Altamonte Springs, FL",0,65,0,0,Altamonte Springs city
FL,1215968,Cutler Bay,incorporated,43,A,45425,"Cutler Bay, FL",0,66,0,0,Cutler Bay town
FL,1249425,North Lauderdale,incorporated,25,A,44794,"North Lauderdale, FL",0,67,0,0,North Lauderdale city
FL,1250575,Oakland Park,incorporated,25,A,44229,"Oakland Park, FL",0,68,0,0,Oakland Park city
FL,1227322,Greenacres,incorporated,25,A,43990,"Greenacres, FL",0,69,0,0,Greenacres city
FL,1249475,North Miami Beach,incorporated,25,A,43676,"North Miami Beach, FL",0,70,0,0,North Miami Beach city
FL,1253150,Ormond Beach,incorporated,25,A,43080,"Ormond Beach, FL",0,71,0,0,Ormond Beach city
FL,1212925,Clermont,incorporated,25,A,43021,"Clermont, FL",0,72,0,0,Clermont city
FL,1239081,Lake Worth Beach,incorporated,25,A,42219,"Lake Worth Beach, FL",0,73,0,0,Lake Worth Beach city
FL,1228452,Hallandale Beach,incorporated,25,A,41217,"Hallandale Beach, FL",0,74,0,0,Hallandale Beach city
FL,1202681,Aventura,incorporated,25,A,40242,"Aventura, FL",0,75,0,0,Aventura city
FL,1253575,Oviedo,incorporated,25,A,40059,"Oviedo, FL",0,76,0,0,Oviedo city
FL,1257550,Plant City,incorporated,25,A,39764,"Plant City, FL",0,77,0,0,Plant City city
FL,1262100,Royal Palm Beach,incorporated,47,A,38932,"Royal Palm Beach, FL",0,78,0,0,Royal Palm Beach village
FL,1278325,Winter Springs,incorporated,25,A,38342,"Winter Springs, FL",0,79,0,0,Winter Springs city
FL,1260975,Riviera Beach,incorporated,25,A,37604,"Riviera Beach, FL",0,80,0,0,Riviera Beach city
FL,1216875,DeLand,incorporated,25,A,37351,"DeLand, FL",0,81,0,0,DeLand city
FL,1221150,Estero,incorporated,47,A,36939,"Estero, FL",0,82,0,0,Estero village
FL,1218575,Dunedin,incorporated,25,A,36068,"Dunedin, FL",0,83,0,0,Dunedin city
FL,1239525,Lauderdale Lakes,incorporated,25,A,35954,"Lauderdale Lakes, FL",0,84,0,0,Lauderdale Lakes city
FL,1255125,Parkland,incorporated,25,A,34670,"Parkland, FL",0,85,0,0,Parkland city
FL,1214125,Cooper City,incorporated,25,A,34401,"Cooper City, FL",0,86,0,0,Cooper City city
FL,1254700,Panama City,incorporated,25,A,32939,"Panama City, FL",0,87,0,0,Panama City city
FL,1216335,Dania Beach,incorporated,25,A,31723,"Dania Beach, FL",0,88,0,0,Dania Beach city
FL,1245100,Miami Lakes,incorporated,43,A,30467,"Miami Lakes, FL",0,89,0,0,Miami Lakes town
FL,1248625,New Smyrna Beach,incorporated,25,A,30142,"New Smyrna Beach, FL",0,90,0,0,New Smyrna Beach city
FL,1278300,Winter Park,incorporated,25,A,29795,"Winter Park, FL",0,91,0,0,Winter Park city
FL,1211050,Casselberry,incorporated,25,A,28794,"Casselberry, FL",0,92,0,0,Casselberry city
FL,1261500,Rockledge,incorporated,25,A,27678,"Rockledge, FL",0,93,0,0,Rockledge city
FL,1215475,Crestview,incorporated,25,A,27134,"Crestview, FL",0,94,0,0,Crestview city
FL,1239875,Leesburg,incorporated,25,A,27000,"Leesburg, FL",0,95,0,0,Leesburg city
FL,1254450,Palm Springs,incorporated,47,A,26890,"Palm Springs, FL",0,96,0,0,Palm Springs village
FL,1271400,Temple Terrace,incorporated,25,A,26690,"Temple Terrace, FL",0,97,0,0,Temple Terrace city
FL,1228400,Haines City,incorporated,25,A,26669,"Haines City, FL",0,98,0,0,Haines City city
FL,1236550,Key West,incorporated,25,A,26444,"Key West, FL",0,99,0,0,Key West city
FL,1276500,West Melbourne,incorporated,25,A,25924,"West Melbourne, FL",0,100,0,0,West Melbourne city
FL,1273900,Venice,incorporated,25,A,25463,"Venice, FL",0,101,0,0,Venice city
FL,1271150,Tarpon Springs,incorporated,25,A,25117,"Tarpon Springs, FL",0,102,0,0,Tarpon Springs city
FL,1264825,Sebastian,incorporated,25,A,25054,"Sebastian, FL",0,103,0,0,Sebastian city
FL,1254275,Palmetto Bay,incorporated,47,A,24439,"Palmetto Bay, FL",0,104,0,0,Palmetto Bay village
FL,1235050,Jacksonville Beach,incorporated,25,A,23830,"Jacksonville Beach, FL",0,105,0,0,Jacksonville Beach city
FL,1221350,Eustis,incorporated,25,A,23189,"Eustis, FL",0,106,0,0,Eustis city
FL,1219825,Edgewater,incorporated,25,A,23097,"Edgewater, FL",0,107,0,0,Edgewater city
FL,1230025,Hialeah Gardens,incorporated,25,A,23068,"Hialeah Gardens, FL",0,108,0,0,Hialeah Gardens city
FL,1269555,Sunny Isles Beach,incorporated,25,A,22342,"Sunny Isles Beach, FL",0,109,0,0,Sunny Isles Beach city
FL,1216675,DeBary,incorporated,25,A,22260,"DeBary, FL",0,110,0,0,DeBary city
FL,1224475,Fort Walton Beach,incorporated,25,A,20922,"Fort Walton Beach, FL",0,111,0,0,Fort Walton Beach city
FL,1242575,Maitland,incorporated,25,A,19543,"Maitland, FL",0,112,0,0,Maitland city
FL,1259200,Punta Gorda,incorporated,25,A,19471,"Punta Gorda, FL",0,113,0,0,Punta Gorda city
FL,1264975,Seminole,incorporated,25,A,19364,"Seminole, FL",0,114,0,0,Seminole city
FL,1270345,Sweetwater,incorporated,25,A,19363,"Sweetwater, FL",0,115,0,0,Sweetwater city
FL,1203675,Bartow,incorporated,25,A,19309,"Bartow, FL",0,116,0,0,Bartow city
FL,1247625,Naples,incorporated,25,A,19115,"Naples, FL",0,117,0,0,Naples city
FL,1213150,Cocoa,incorporated,25,A,19041,"Cocoa, FL",0,118,0,0,Cocoa city
FL,1271225,Tavares,incorporated,25,A,19003,"Tavares, FL",0,119,0,0,Tavares city
FL,1241825,Lynn Haven,incorporated,25,A,18695,"Lynn Haven, FL",0,120,0,0,Lynn Haven city
FL,1227800,Groveland,incorporated,25,A,18505,"Groveland, FL",0,121,0,0,Groveland city
FL,1256625,Pinecrest,incorporated,47,A,18388,"Pinecrest, FL",0,122,0,0,Pinecrest village
FL,1254725,Panama City Beach,incorporated,25,A,18094,"Panama City Beach, FL",0,123,0,0,Panama City Beach city
FL,1268875,Stuart,incorporated,25,A,17425,"Stuart, FL",0,124,0,0,Stuart city
FL,1279225,Zephyrhills,incorporated,25,A,17194,"Zephyrhills, FL",0,125,0,0,Zephyrhills city
FL,1262425,Safety Harbor,incorporated,25,A,17072,"Safety Harbor, FL",0,126,0,0,Safety Harbor city
FL,1238425,Lake Mary,incorporated,25,A,16798,"Lake Mary, FL",0,127,0,0,Lake Mary city
FL,1248500,New Port Richey,incorporated,25,A,16728,"New Port Richey, FL",0,128,0,0,New Port Richey city
FL,1205200,Belle Glade,incorporated,25,A,16698,"Belle Glade, FL",0,129,0,0,Belle Glade city
FL,1251650,Opa-locka,incorporated,25,A,16463,"Opa-locka, FL",0,130,0,0,Opa-locka city
FL,1238950,Lake Wales,incorporated,25,A,16361,"Lake Wales, FL",0,131,0,0,Lake Wales city
FL,1274150,Vero Beach,incorporated,25,A,16354,"Vero Beach, FL",0,132,0,0,Vero Beach city
FL,1247050,Mount Dora,incorporated,25,A,16341,"Mount Dora, FL",0,133,0,0,Mount Dora city
FL,1237375,Lady Lake,incorporated,43,A,15970,"Lady Lake, FL",0,134,0,0,Lady Lake town
FL,1248750,Niceville,incorporated,25,A,15772,"Niceville, FL",0,135,0,0,Niceville city
FL,1243083,Marco Island,incorporated,25,A,15760,"Marco Island, FL",0,136,0,0,Marco Island city
FL,1277675,Wildwood,incorporated,25,A,15730,"Wildwood, FL",0,137,0,0,Wildwood city
FL,1202550,Auburndale,incorporated,25,A,15616,"Auburndale, FL",0,138,0,0,Auburndale city
FL,1276658,West Park,incorporated,25,A,15130,"West Park, FL",0,139,0,0,West Park city
FL,1241250,Longwood,incorporated,25,A,15087,"Longwood, FL",0,140,0,0,Longwood city
FL,1251350,Oldsmar,incorporated,25,A,14898,"Oldsmar, FL",0,141,0,0,Oldsmar city
FL,1236300,Key Biscayne,incorporated,47,A,14809,"Key Biscayne, FL",0,142,0,0,Key Biscayne village
FL,1262500,St. Augustine,incorporated,25,A,14329,"St. Augustine, FL",0,143,0,0,St. Augustine city
FL,1217325,Destin,incorporated,25,A,13931,"Destin, FL",0,144,0,0,Destin city
FL,1245200,Miami Springs,incorporated,25,A,13859,"Miami Springs, FL",0,145,0,0,Miami Springs city
FL,1245900,Minneola,incorporated,25,A,13843,"Minneola, FL",0,146,0,0,Minneola city
FL,1202400,Atlantic Beach,incorporated,25,A,13513,"Atlantic Beach, FL",0,147,0,0,Atlantic Beach city
FL,1254250,Palmetto,incorporated,25,A,13323,"Palmetto, FL",0,148,0,0,Palmetto city
FL,1249600,North Palm Beach,incorporated,47,A,13162,"North Palm Beach, FL",0,149,0,0,North Palm Beach village
FL,1222975,Florida City,incorporated,25,A,13085,"Florida City, FL",0,150,0,0,Florida City city
FL,1222175,Fernandina Beach,incorporated,25,A,13052,"Fernandina Beach, FL",0,151,0,0,Fernandina Beach city
FL,1209725,Callaway,incorporated,25,A,13045,"Callaway, FL",0,152,0,0,Callaway city
FL,1231350,Holly Hill,incorporated,25,A,12958,"Holly Hill, FL",0,153,0,0,Holly Hill city
FL,1267325,South Daytona,incorporated,25,A,12865,"South Daytona, FL",0,154,0,0,South Daytona city
FL,1251825,Orange City,incorporated,25,A,12632,"Orange City, FL",0,155,0,0,Orange City city
FL,1237775,Lake City,incorporated,25,A,12329,"Lake City, FL",0,156,0,0,Lake City city
FL,1267550,South Miami,incorporated,25,A,12026,"South Miami, FL",0,157,0,0,South Miami city
FL,1228175,Gulfport,incorporated,25,A,11783,"Gulfport, FL",0,158,0,0,Gulfport city
FL,1245175,Miami Shores,incorporated,47,A,11567,"Miami Shores, FL",0,159,0,0,Miami Shores village
FL,1239375,Lantana,incorporated,43,A,11504,"Lantana, FL",0,160,0,0,Lantana town
FL,1278000,Wilton Manors,incorporated,25,A,11426,"Wilton Manors, FL",0,161,0,0,Wilton Manors city
FL,1213175,Cocoa Beach,incorporated,25,A,11354,"Cocoa Beach, FL",0,162,0,0,Cocoa Beach city
FL,1264400,Satellite Beach,incorporated,25,A,11226,"Satellite Beach, FL",0,163,0,0,Satellite Beach city
FL,1264875,Sebring,incorporated,25,A,10729,"Sebring, FL",0,164,0,0,Sebring city
FL,1200375,Alachua,incorporated,25,A,10574,"Alachua, FL",0,165,0,0,Alachua city
FL,1240450,Lighthouse Point,incorporated,25,A,10486,"Lighthouse Point, FL",0,166,0,0,Lighthouse Point city
FL,1253875,Palatka,incorporated,25,A,10446,"Palatka, FL",0,167,0,0,Palatka city
FL,1245750,Milton,incorporated,25,A,10197,"Milton, FL",0,168,0,0,Milton city
FL,1210250,Cape Canaveral,incorporated,25,A,9972,"Cape Canaveral, FL",0,169,0,0,Cape Canaveral city
FL,1227400,Green Cove Springs,incorporated,25,A,9786,"Green Cove Springs, FL",0,170,0,0,Green Cove Springs city
FL,1243000,Marathon,incorporated,25,A,9689,"Marathon, FL",0,171,0,0,Marathon city
FL,1202750,Avon Park,incorporated,25,A,9658,"Avon Park, FL",0,172,0,0,Avon Park city
FL,1254025,Palm Beach,incorporated,43,A,9245,"Palm Beach, FL",0,173,0,0,Palm Beach town
FL,1252125,Orange Park,incorporated,43,A,9089,"Orange Park, FL",0,174,0,0,Orange Park town
FL,1238600,Lake Park,incorporated,43,A,9047,"Lake Park, FL",0,175,0,0,Lake Park town
FL,1216450,Davenport,incorporated,25,A,9043,"Davenport, FL",0,176,0,0,Davenport city
FL,1233450,Indian Harbour Beach,incorporated,25,A,9019,"Indian Harbour Beach, FL",0,177,0,0,Indian Harbour Beach city
FL,1208800,Brooksville,incorporated,25,A,8890,"Brooksville, FL",0,178,0,0,Brooksville city
FL,1262885,St. Pete Beach,incorporated,25,A,8879,"St. Pete Beach, FL",0,179,0,0,St. Pete Beach city
FL,1224975,Fruitland Park,incorporated,25,A,8325,"Fruitland Park, FL",0,180,0,0,Fruitland Park city
FL,1249225,North Bay Village,incorporated,25,A,8159,"North Bay Village, FL",0,181,0,0,North Bay Village city
FL,1268275,Springfield,incorporated,25,A,8075,"Springfield, FL",0,182,0,0,Springfield city
FL,1259325,Quincy,incorporated,25,A,7970,"Quincy, FL",0,183,0,0,Quincy city
FL,1268135,Southwest Ranches,incorporated,43,A,7607,"Southwest Ranches, FL",0,184,0,0,Southwest Ranches town
FL,1233950,Inverness,incorporated,25,A,7543,"Inverness, FL",0,185,0,0,Inverness city
FL,1241150,Longboat Key,incorporated,43,A,7505,"Longboat Key, FL",0,186,0,0,Longboat Key town
FL,1201750,Arcadia,incorporated,25,A,7420,"Arcadia, FL",0,187,0,0,Arcadia city
FL,1248200,Newberry,incorporated,25,A,7342,"Newberry, FL",0,188,0,0,Newberry city
FL,1213000,Clewiston,incorporated,25,A,7327,"Clewiston, FL",0,189,0,0,Clewiston city
FL,1241950,Macclenny,incorporated,25,A,7304,"Macclenny, FL",0,190,0,0,Macclenny city
FL,1216125,Dade City,incorporated,25,A,7275,"Dade City, FL",0,191,0,0,Dade City city
FL,1276525,West Miami,incorporated,25,A,7233,"West Miami, FL",0,192,0,0,West Miami city
FL,1248100,Neptune Beach,incorporated,25,A,7217,"Neptune Beach, FL",0,193,0,0,Neptune Beach city
FL,1234132,"Islamorada, Village of Islands",incorporated,47,A,7107,"Islamorada, Village of Islands, FL",0,194,0,0,"Islamorada, Village of Islands village"
FL,1205300,Belle Isle,incorporated,25,A,7032,"Belle Isle, FL",0,195,0,0,Belle Isle city
FL,1256150,Perry,incorporated,25,A,6898,"Perry, FL",0,196,0,0,Perry city
FL,1262525,St. Augustine Beach,incorporated,25,A,6803,"St. Augustine Beach, FL",0,197,0,0,St. Augustine Beach city
FL,1240875,Live Oak,incorporated,25,A,6735,"Live Oak, FL",0,198,0,0,Live Oak city
FL,1243425,Mascotte,incorporated,25,A,6609,"Mascotte, FL",0,199,0,0,Mascotte city
FL,1272325,Treasure Island,incorporated,25,A,6584,"Treasure Island, FL",0,200,0,0,Treasure Island city
FL,1233700,Indiantown,incorporated,47,A,6560,"Indiantown, FL",0,201,0,0,Indiantown village
FL,1263700,Sanibel,incorporated,25,A,6382,"Sanibel, FL",0,202,0,0,Sanibel city
FL,1237525,Lake Alfred,incorporated,25,A,6374,"Lake Alfred, FL",0,203,0,0,Lake Alfred city
FL,1228000,Gulf Breeze,incorporated,25,A,6302,"Gulf Breeze, FL",0,204,0,0,Gulf Breeze city
FL,1255750,Pembroke Park,incorporated,43,A,6260,"Pembroke Park, FL",0,205,0,0,Pembroke Park town
FL,1243175,Marianna,incorporated,25,A,6245,"Marianna, FL",0,206,0,0,Marianna city
FL,1230525,High Springs,incorporated,25,A,6215,"High Springs, FL",0,207,0,0,High Springs city
FL,1239475,Lauderdale-by-the-Sea,incorporated,43,A,6198,"Lauderdale-by-the-Sea, FL",0,208,0,0,Lauderdale-by-the-Sea town
FL,1271525,Tequesta,incorporated,47,A,6158,"Tequesta, FL",0,209,0,0,Tequesta village
FL,1203975,Bay Harbor Islands,incorporated,43,A,5922,"Bay Harbor Islands, FL",0,210,0,0,Bay Harbor Islands town
FL,1216800,DeFuniak Springs,incorporated,25,A,5919,"DeFuniak Springs, FL",0,211,0,0,DeFuniak Springs city
FL,1224825,Freeport,incorporated,25,A,5861,"Freeport, FL",0,212,0,0,Freeport city
FL,1268525,Starke,incorporated,25,A,5796,"Starke, FL",0,213,0,0,Starke city
FL,1270075,Surfside,incorporated,43,A,5689,"Surfside, FL",0,214,0,0,Surfside town
FL,1224150,Fort Myers Beach,incorporated,43,A,5582,"Fort Myers Beach, FL",0,215,0,0,Fort Myers Beach town
FL,1253800,Pahokee,incorporated,25,A,5524,"Pahokee, FL",0,216,0,0,Pahokee city
FL,1205375,Belleview,incorporated,25,A,5413,"Belleview, FL",0,217,0,0,Belleview city
FL,1267675,South Pasadena,incorporated,25,A,5353,"South Pasadena, FL",0,218,0,0,South Pasadena city
FL,1251200,Okeechobee,incorporated,25,A,5254,"Okeechobee, FL",0,219,0,0,Okeechobee city
FL,1218550,Dundee,incorporated,43,A,5235,"Dundee, FL",0,220,0,0,Dundee town
FL,1216550,Daytona Beach Shores,incorporated,25,A,5179,"Daytona Beach Shores, FL",0,221,0,0,Daytona Beach Shores city
FL,1222550,Flagler Beach,incorporated,25,A,5160,"Flagler Beach, FL",0,222,0,0,Flagler Beach city
FL,1224100,Fort Meade,incorporated,25,A,5100,"Fort Meade, FL",0,223,0,0,Fort Meade city
FL,1236175,Kenneth City,incorporated,43,A,5047,"Kenneth City, FL",0,224,0,0,Kenneth City town
FL,1237225,LaBelle,incorporated,25,A,4966,"LaBelle, FL",0,225,0,0,LaBelle city
FL,1275375,Wauchula,incorporated,25,A,4900,"Wauchula, FL",0,226,0,0,Wauchula city
FL,1267175,South Bay,incorporated,25,A,4860,"South Bay, FL",0,227,0,0,South Bay city
FL,1222100,Fellsmere,incorporated,25,A,4834,"Fellsmere, FL",0,228,0,0,Fellsmere city
FL,1273675,Valparaiso,incorporated,25,A,4752,"Valparaiso, FL",0,229,0,0,Valparaiso city
FL,1227256,Grant-Valkaria,incorporated,43,A,4509,"Grant-Valkaria, FL",0,230,0,0,Grant-Valkaria town
FL,1230200,Highland Beach,incorporated,43,A,4295,"Highland Beach, FL",0,231,0,0,Highland Beach town
FL,1205075,Belleair,incorporated,43,A,4273,"Belleair, FL",0,232,0,0,Belleair town
FL,1233600,Indian River Shores,incorporated,43,A,4241,"Indian River Shores, FL",0,233,0,0,Indian River Shores town
FL,1255075,Parker,incorporated,25,A,4010,"Parker, FL",0,234,0,0,Parker city
FL,1243375,Mary Esther,incorporated,25,A,3982,"Mary Esther, FL",0,235,0,0,Mary Esther city
FL,1247200,Mulberry,incorporated,25,A,3952,"Mulberry, FL",0,236,0,0,Mulberry city
FL,1242400,Madeira Beach,incorporated,25,A,3895,"Madeira Beach, FL",0,237,0,0,Madeira Beach city
FL,1235850,Juno Beach,incorporated,43,A,3858,"Juno Beach, FL",0,238,0,0,Juno Beach town
FL,1273025,Umatilla,incorporated,25,A,3685,"Umatilla, FL",0,239,0,0,Umatilla city
FL,1233625,Indian Rocks Beach,incorporated,25,A,3673,"Indian Rocks Beach, FL",0,240,0,0,Indian Rocks Beach city
FL,1211975,Chipley,incorporated,25,A,3660,"Chipley, FL",0,241,0,0,Chipley city
FL,1235375,Jasper,incorporated,25,A,3621,"Jasper, FL",0,242,0,0,Jasper city
FL,1237800,Lake Clarke Shores,incorporated,43,A,3564,"Lake Clarke Shores, FL",0,243,0,0,Lake Clarke Shores town
FL,1245425,Midway,incorporated,25,A,3537,"Midway, FL",0,244,0,0,Midway city
FL,1250525,Oakland,incorporated,43,A,3516,"Oakland, FL",0,245,0,0,Oakland town
FL,1215775,Crystal River,incorporated,25,A,3396,"Crystal River, FL",0,246,0,0,Crystal River city
FL,1258200,Ponce Inlet,incorporated,43,A,3364,"Ponce Inlet, FL",0,247,0,0,Ponce Inlet town
FL,1258675,Port St. Joe,incorporated,25,A,3357,"Port St. Joe, FL",0,248,0,0,Port St. Joe city
FL,1241577,Loxahatchee Groves,incorporated,43,A,3355,"Loxahatchee Groves, FL",0,249,0,0,Loxahatchee Groves town
FL,1209550,Bunnell,incorporated,25,A,3276,"Bunnell, FL",0,250,0,0,Bunnell city
FL,1244000,Melbourne Beach,incorporated,43,A,3231,"Melbourne Beach, FL",0,251,0,0,Melbourne Beach town
FL,1206600,Biscayne Park,incorporated,47,A,3117,"Biscayne Park, FL",0,252,0,0,Biscayne Park village
FL,1203275,Bal Harbour,incorporated,47,A,3093,"Bal Harbour, FL",0,253,0,0,Bal Harbour village
FL,1258600,Port Richey,incorporated,25,A,3052,"Port Richey, FL",0,254,0,0,Port Richey city
FL,1209625,Bushnell,incorporated,25,A,3047,"Bushnell, FL",0,255,0,0,Bushnell city
FL,1278050,Windermere,incorporated,43,A,3030,"Windermere, FL",0,256,0,0,Windermere town
FL,1232150,Holmes Beach,incorporated,25,A,3010,"Holmes Beach, FL",0,257,0,0,Holmes Beach city
FL,1233375,Indialantic,incorporated,43,A,3010,"Indialantic, FL",0,258,0,0,Indialantic town
FL,1218875,Eagle Lake,incorporated,25,A,3008,"Eagle Lake, FL",0,259,0,0,Eagle Lake city
FL,1277825,Williston,incorporated,25,A,2976,"Williston, FL",0,260,0,0,Williston city
FL,1230750,Hilliard,incorporated,43,A,2967,"Hilliard, FL",0,261,0,0,Hilliard town
FL,1211800,Chattahoochee,incorporated,25,A,2955,"Chattahoochee, FL",0,262,0,0,Chattahoochee city
FL,1242625,Malabar,incorporated,43,A,2949,"Malabar, FL",0,263,0,0,Malabar town
FL,1242425,Madison,incorporated,25,A,2912,"Madison, FL",0,264,0,0,Madison city
FL,1224900,Frostproof,incorporated,25,A,2877,"Frostproof, FL",0,265,0,0,Frostproof city
FL,1238025,Lake Helen,incorporated,25,A,2842,"Lake Helen, FL",0,266,0,0,Lake Helen city
FL,1207450,Bonifay,incorporated,25,A,2759,"Bonifay, FL",0,267,0,0,Bonifay city
FL,1257950,Polk City,incorporated,43,A,2713,"Polk City, FL",0,268,0,0,Polk City town
FL,1233150,Hypoluxo,incorporated,43,A,2687,"Hypoluxo, FL",0,269,0,0,Hypoluxo town
FL,1219900,Edgewood,incorporated,25,A,2685,"Edgewood, FL",0,270,0,0,Edgewood city
FL,1210725,Carrabelle,incorporated,25,A,2606,"Carrabelle, FL",0,271,0,0,Carrabelle city
FL,1246500,Monticello,incorporated,25,A,2589,"Monticello, FL",0,272,0,0,Monticello city
FL,1207775,Bowling Green,incorporated,25,A,2405,"Bowling Green, FL",0,273,0,0,Bowling Green city
FL,1274575,Virginia Gardens,incorporated,47,A,2364,"Virginia Gardens, FL",0,274,0,0,Virginia Gardens village
FL,1262775,St. Leo,incorporated,43,A,2362,"St. Leo, FL",0,275,0,0,St. Leo town
FL,1238625,Lake Placid,incorporated,43,A,2360,"Lake Placid, FL",0,276,0,0,Lake Placid town
FL,1219650,Eatonville,incorporated,43,A,2349,"Eatonville, FL",0,277,0,0,Eatonville town
FL,1201625,Apalachicola,incorporated,25,A,2341,"Apalachicola, FL",0,278,0,0,Apalachicola city
FL,1211925,Chiefland,incorporated,25,A,2316,"Chiefland, FL",0,279,0,0,Chiefland city
FL,1205125,Belleair Bluffs,incorporated,25,A,2311,"Belleair Bluffs, FL",0,280,0,0,Belleair Bluffs city
FL,1206925,Blountstown,incorporated,25,A,2266,"Blountstown, FL",0,281,0,0,Blountstown city
FL,1229200,Haverhill,incorporated,43,A,2187,"Haverhill, FL",0,282,0,0,Haverhill town
FL,1259750,Redington Shores,incorporated,43,A,2176,"Redington Shores, FL",0,283,0,0,Redington Shores town
FL,1227000,Graceville,incorporated,25,A,2153,"Graceville, FL",0,284,0,0,Graceville city
FL,1202500,Atlantis,incorporated,25,A,2142,"Atlantis, FL",0,285,0,0,Atlantis city
FL,1242900,Mangonia Park,incorporated,43,A,2142,"Mangonia Park, FL",0,286,0,0,Mangonia Park town
FL,1277100,Wewahitchka,incorporated,25,A,2074,"Wewahitchka, FL",0,287,0,0,Wewahitchka city
FL,1272350,Trenton,incorporated,25,A,2015,"Trenton, FL",0,288,0,0,Trenton city
FL,1265225,Sewall's Point,incorporated,43,A,1991,"Sewall's Point, FL",0,289,0,0,Sewall's Point town
FL,1230850,Hillsboro Beach,incorporated,43,A,1987,"Hillsboro Beach, FL",0,290,0,0,Hillsboro Beach town
FL,1220650,El Portal,incorporated,47,A,1986,"El Portal, FL",0,291,0,0,El Portal village
FL,1237650,Lake Butler,incorporated,25,A,1986,"Lake Butler, FL",0,292,0,0,Lake Butler city
FL,1250450,Oak Hill,incorporated,25,A,1986,"Oak Hill, FL",0,293,0,0,Oak Hill city
FL,1242650,Malone,incorporated,43,A,1959,"Malone, FL",0,294,0,0,Malone town
FL,1218675,Dunnellon,incorporated,25,A,1928,"Dunnellon, FL",0,295,0,0,Dunnellon city
FL,1202250,Astatula,incorporated,43,A,1889,"Astatula, FL",0,296,0,0,Astatula town
FL,1250950,Ocean Ridge,incorporated,43,A,1830,"Ocean Ridge, FL",0,297,0,0,Ocean Ridge town
FL,1229150,Havana,incorporated,43,A,1753,"Havana, FL",0,298,0,0,Havana town
FL,1279250,Zolfo Springs,incorporated,43,A,1737,"Zolfo Springs, FL",0,299,0,0,Zolfo Springs town
FL,1211362,Century,incorporated,43,A,1713,"Century, FL",0,300,0,0,Century town
FL,1266725,Sneads,incorporated,43,A,1699,"Sneads, FL",0,301,0,0,Sneads town
FL,1215575,Cross City,incorporated,43,A,1689,"Cross City, FL",0,302,0,0,Cross City town
FL,1246525,Montverde,incorporated,43,A,1655,"Montverde, FL",0,303,0,0,Montverde town
FL,1215375,Crescent City,incorporated,25,A,1654,"Crescent City, FL",0,304,0,0,Crescent City city
FL,1232775,Howey-in-the-Hills,incorporated,43,A,1643,"Howey-in-the-Hills, FL",0,305,0,0,Howey-in-the-Hills town
FL,1205100,Belleair Beach,incorporated,25,A,1633,"Belleair Beach, FL",0,306,0,0,Belleair Beach city
FL,1246550,Moore Haven,incorporated,25,A,1566,"Moore Haven, FL",0,307,0,0,Moore Haven city
FL,1256425,Pierson,incorporated,43,A,1542,"Pierson, FL",0,308,0,0,Pierson town
FL,1237975,Lake Hamilton,incorporated,43,A,1537,"Lake Hamilton, FL",0,309,0,0,Lake Hamilton town
FL,1209700,Callahan,incorporated,43,A,1526,"Callahan, FL",0,310,0,0,Callahan town
FL,1249725,North Redington Beach,incorporated,43,A,1495,"North Redington Beach, FL",0,311,0,0,North Redington Beach town
FL,1229275,Hawthorne,incorporated,25,A,1478,"Hawthorne, FL",0,312,0,0,Hawthorne city
FL,1233800,Inglis,incorporated,43,A,1476,"Inglis, FL",0,313,0,0,Inglis town
FL,1267650,South Palm Beach,incorporated,43,A,1471,"South Palm Beach, FL",0,314,0,0,South Palm Beach town
FL,1236475,Keystone Heights,incorporated,25,A,1446,"Keystone Heights, FL",0,315,0,0,Keystone Heights city
FL,1233900,Interlachen,incorporated,43,A,1441,"Interlachen, FL",0,316,0,0,Interlachen town
FL,1203250,Baldwin,incorporated,43,A,1396,"Baldwin, FL",0,317,0,0,Baldwin town
FL,1259725,Redington Beach,incorporated,43,A,1376,"Redington Beach, FL",0,318,0,0,Redington Beach town
FL,1227650,Gretna,incorporated,25,A,1357,"Gretna, FL",0,319,0,0,Gretna city
FL,1254150,Palm Beach Shores,incorporated,43,A,1330,"Palm Beach Shores, FL",0,320,0,0,Palm Beach Shores town
FL,1263375,San Antonio,incorporated,25,A,1297,"San Antonio, FL",0,321,0,0,San Antonio city
FL,1254425,Palm Shores,incorporated,43,A,1200,"Palm Shores, FL",0,322,0,0,Palm Shores town
FL,1233675,Indian Shores,incorporated,43,A,1190,"Indian Shores, FL",0,323,0,0,Indian Shores town
FL,1221850,Fanning Springs,incorporated,25,A,1182,"Fanning Springs, FL",0,324,0,0,Fanning Springs city
FL,1201775,Archer,incorporated,25,A,1140,"Archer, FL",0,325,0,0,Archer city
FL,1208700,Bronson,incorporated,43,A,1140,"Bronson, FL",0,326,0,0,Bronson town
FL,1243900,Medley,incorporated,43,A,1056,"Medley, FL",0,327,0,0,Medley town
FL,1243575,Mayo,incorporated,43,A,1055,"Mayo, FL",0,328,0,0,Mayo town
FL,1201475,Anna Maria,incorporated,25,A,968,"Anna Maria, FL",0,329,0,0,Anna Maria city
FL,1226250,Golden Beach,incorporated,43,A,961,"Golden Beach, FL",0,330,0,0,Golden Beach town
FL,1228275,Gulf Stream,incorporated,43,A,954,"Gulf Stream, FL",0,331,0,0,Gulf Stream town
FL,1208600,Bristol,incorporated,25,A,918,"Bristol, FL",0,332,0,0,Bristol city
FL,1244300,Mexico Beach,incorporated,25,A,916,"Mexico Beach, FL",0,333,0,0,Mexico Beach city
FL,1207975,Bradenton Beach,incorporated,25,A,908,"Bradenton Beach, FL",0,334,0,0,Bradenton Beach city
FL,1276417,Westlake,incorporated,25,A,906,"Westlake, FL",0,335,0,0,Westlake city
FL,1227175,Grand Ridge,incorporated,43,A,882,"Grand Ridge, FL",0,336,0,0,Grand Ridge town
FL,1214850,Cottondale,incorporated,43,A,848,"Cottondale, FL",0,337,0,0,Cottondale town
FL,1211325,Center Hill,incorporated,25,A,846,"Center Hill, FL",0,338,0,0,Center Hill city
FL,1274925,Waldo,incorporated,25,A,846,"Waldo, FL",0,339,0,0,Waldo city
FL,1255875,Penney Farms,incorporated,43,A,821,"Penney Farms, FL",0,340,0,0,Penney Farms town
FL,1235925,Jupiter Island,incorporated,43,A,804,"Jupiter Island, FL",0,341,0,0,Jupiter Island town
FL,1236325,Key Colony Beach,incorporated,25,A,790,"Key Colony Beach, FL",0,342,0,0,Key Colony Beach city
FL,1258025,Pomona Park,incorporated,43,A,784,"Pomona Park, FL",0,343,0,0,Pomona Park town
FL,1275600,Webster,incorporated,25,A,778,"Webster, FL",0,344,0,0,Webster city
FL,1235525,Jennings,incorporated,43,A,749,"Jennings, FL",0,345,0,0,Jennings town
FL,1227575,Greenville,incorporated,43,A,746,"Greenville, FL",0,346,0,0,Greenville town
FL,1277400,White Springs,incorporated,43,A,740,"White Springs, FL",0,347,0,0,White Springs town
FL,1265425,Shalimar,incorporated,43,A,737,"Shalimar, FL",0,348,0,0,Shalimar town
FL,1274125,Vernon,incorporated,25,A,732,"Vernon, FL",0,349,0,0,Vernon city
FL,1275750,Welaka,incorporated,43,A,714,"Welaka, FL",0,350,0,0,Welaka town
FL,1208175,Branford,incorporated,43,A,711,"Branford, FL",0,351,0,0,Branford town
FL,1211225,Cedar Key,incorporated,25,A,687,"Cedar Key, FL",0,352,0,0,Cedar Key city
FL,1244075,Melbourne Village,incorporated,43,A,681,"Melbourne Village, FL",0,353,0,0,Melbourne Village town
FL,1245225,Micanopy,incorporated,43,A,648,"Micanopy, FL",0,354,0,0,Micanopy town
FL,1213400,Coleman,incorporated,25,A,642,"Coleman, FL",0,355,0,0,Coleman city
FL,1239700,Lawtey,incorporated,25,A,636,"Lawtey, FL",0,356,0,0,Lawtey city
FL,1224500,Fort White,incorporated,43,A,618,"Fort White, FL",0,357,0,0,Fort White town
FL,1262800,St. Lucie Village,incorporated,43,A,613,"St. Lucie Village, FL",0,358,0,0,St. Lucie Village town
FL,1278925,Yankeetown,incorporated,43,A,588,"Yankeetown, FL",0,359,0,0,Yankeetown town
FL,1239650,Laurel Hill,incorporated,25,A,584,"Laurel Hill, FL",0,360,0,0,Laurel Hill city
FL,1255475,Paxton,incorporated,43,A,556,"Paxton, FL",0,361,0,0,Paxton town
FL,1264725,Sea Ranch Lakes,incorporated,47,A,540,"Sea Ranch Lakes, FL",0,362,0,0,Sea Ranch Lakes village
FL,1227600,Greenwood,incorporated,43,A,539,"Greenwood, FL",0,363,0,0,Greenwood town
FL,1235425,Jay,incorporated,43,A,524,"Jay, FL",0,364,0,0,Jay town
FL,1204975,Bell,incorporated,43,A,518,"Bell, FL",0,365,0,0,Bell town
FL,1252175,Orchid,incorporated,43,A,516,"Orchid, FL",0,366,0,0,Orchid town
FL,1258175,Ponce de Leon,incorporated,43,A,504,"Ponce de Leon, FL",0,367,0,0,Ponce de Leon town
FL,1208575,Briny Breezes,incorporated,43,A,502,"Briny Breezes, FL",0,368,0,0,Briny Breezes town
FL,1201000,Altha,incorporated,43,A,496,"Altha, FL",0,369,0,0,Altha town
FL,1200625,Alford,incorporated,43,A,484,"Alford, FL",0,370,0,0,Alford town
FL,1206100,Beverly Beach,incorporated,43,A,474,"Beverly Beach, FL",0,371,0,0,Beverly Beach town
FL,1226075,Glen St. Mary,incorporated,43,A,463,"Glen St. Mary, FL",0,372,0,0,Glen St. Mary town
FL,1242150,McIntosh,incorporated,43,A,463,"McIntosh, FL",0,373,0,0,McIntosh town
FL,1227550,Greensboro,incorporated,43,A,461,"Greensboro, FL",0,374,0,0,Greensboro town
FL,1212325,Cinco Bayou,incorporated,43,A,457,"Cinco Bayou, FL",0,375,0,0,Cinco Bayou town
FL,1259675,Reddick,incorporated,43,A,449,"Reddick, FL",0,376,0,0,Reddick town
FL,1228575,Hampton,incorporated,25,A,432,"Hampton, FL",0,377,0,0,Hampton city
FL,1266925,Sopchoppy,incorporated,25,A,426,"Sopchoppy, FL",0,378,0,0,Sopchoppy city
FL,1242700,Manalapan,incorporated,43,A,419,"Manalapan, FL",0,379,0,0,Manalapan town
FL,1235900,Jupiter Inlet Colony,incorporated,43,A,405,"Jupiter Inlet Colony, FL",0,380,0,0,Jupiter Inlet Colony town
FL,1278775,Worthington Springs,incorporated,43,A,378,"Worthington Springs, FL",0,381,0,0,Worthington Springs town
FL,1239850,Lee,incorporated,43,A,375,"Lee, FL",0,382,0,0,Lee town
FL,1275450,Wausau,incorporated,43,A,371,"Wausau, FL",0,383,0,0,Wausau town
FL,1221425,Everglades,incorporated,25,A,352,"Everglades, FL",0,384,0,0,Everglades city
FL,1221250,Esto,incorporated,43,A,341,"Esto, FL",0,385,0,0,Esto town
FL,1208725,Brooker,incorporated,43,A,322,"Brooker, FL",0,386,0,0,Brooker town
FL,1237300,La Crosse,incorporated,43,A,316,"La Crosse, FL",0,387,0,0,La Crosse town
FL,1210975,Caryville,incorporated,43,A,301,"Caryville, FL",0,388,0,0,Caryville town
FL,1250875,Ocean Breeze,incorporated,43,A,301,"Ocean Breeze, FL",0,389,0,0,Ocean Breeze town
FL,1262825,St. Marks,incorporated,25,A,274,"St. Marks, FL",0,390,0,0,St. Marks city
FL,1276975,Westville,incorporated,43,A,261,"Westville, FL",0,391,0,0,Westville town
FL,1226550,Golf,incorporated,47,A,255,"Golf, FL",0,392,0,0,Golf village
FL,1230325,Highland Park,incorporated,47,A,251,"Highland Park, FL",0,393,0,0,Highland Park village
FL,1230700,Hillcrest Heights,incorporated,43,A,243,"Hillcrest Heights, FL",0,394,0,0,Hillcrest Heights town
FL,1219725,Ebro,incorporated,43,A,237,"Ebro, FL",0,395,0,0,Ebro town
FL,1259400,Raiford,incorporated,43,A,224,"Raiford, FL",0,396,0,0,Raiford town
FL,1226050,Glen Ridge,incorporated,43,A,217,"Glen Ridge, FL",0,397,0,0,Glen Ridge town
FL,1235200,Jacob City,incorporated,25,A,217,"Jacob City, FL",0,398,0,0,Jacob City city
FL,1239725,Layton,incorporated,25,A,210,"Layton, FL",0,399,0,0,Layton city
FL,1248900,Noma,incorporated,43,A,208,"Noma, FL",0,400,0,0,Noma town
FL,1209900,Campbellton,incorporated,43,A,191,"Campbellton, FL",0,401,0,0,Campbellton town
FL,1232650,Horseshoe Beach,incorporated,43,A,165,"Horseshoe Beach, FL",0,402,0,0,Horseshoe Beach town
FL,1213050,Cloud Lake,incorporated,43,A,134,"Cloud Lake, FL",0,403,0,0,Cloud Lake town
FL,1253500,Otter Creek,incorporated,43,A,108,"Otter Creek, FL",0,404,0,0,Otter Creek town
FL,1203725,Bascom,incorporated,43,A,87,"Bascom, FL",0,405,0,0,Bascom town
FL,1233425,Indian Creek,incorporated,47,A,84,"Indian Creek, FL",0,406,0,0,Indian Creek village
FL,1205150,Belleair Shore,incorporated,43,A,73,"Belleair Shore, FL",0,407,0,0,Belleair Shore town
FL,1239750,Lazy Lake,incorporated,47,A,33,"Lazy Lake, FL",0,408,0,0,Lazy Lake village
FL,1204150,Bay Lake,incorporated,25,A,29,"Bay Lake, FL",0,409,0,0,Bay Lake city
FL,1237625,Lake Buena Vista,incorporated,25,A,24,"Lake Buena Vista, FL",0,410,0,0,Lake Buena Vista city
FL,1243250,Marineland,incorporated,43,A,15,"Marineland, FL",0,411,0,0,Marineland town